NroCheque,CodigoBanco,CodigoSucursal,NumeroCuentaOrigen,NumeroCuentaDestino,Valor,FechaOrigen,FechaPago,DNI,Estado
1,66,73,5263292449,4440946976,22.61,1649290626000,1659094486000,41-146-2439,1
1,66,73,5263292450,4440946976,22.61,1649290626000,1659094486000,41-146-2439,1
1,66,73,5263292451,4440946976,22.61,1649290626000,1659094486000,41-146-2439,1
1,66,73,5263292452,4440946976,22.61,1649290626000,1659094486000,41-146-2439,1
2,52,235,7082408560,1075355060,37.05,1628532070000,1658105259000,95-293-8036,2
3,98,167,9384888311,2359328832,6.89,1641376487000,1658093896000,28-669-6510,1
4,14,208,8316431440,4761190205,31.49,1655193128000,1656903793000,37-574-1904,2
5,18,56,8589607119,7196867661,21.05,1655058105000,1657973297000,35-094-9733,0
6,14,217,9937364523,1010933248,18.57,1655950200000,1656869449000,59-028-0357,1
7,92,113,4723031561,5607525732,51.06,1632042549000,1657179225000,78-506-4611,1
8,62,139,9990142513,3812392100,99.3,1634836788000,1657983784000,13-480-5837,0
9,73,88,2544610980,384219888,72.73,1630250617000,1657446075000,20-453-9865,0
10,35,14,1135926956,1301836605,92.66,1630226047000,1657833193000,08-954-3576,1
11,38,189,3171968274,9906145528,37.34,1644103517000,1656814476000,47-426-1000,1
12,77,271,343709600,6958937619,66.37,1644497940000,1658414900000,45-113-8460,1
13,72,209,7017660978,998055050,20.81,1631967851000,1656381661000,56-236-9316,0
14,58,55,1175866229,9476010908,26.14,1638288826000,1656652127000,67-220-6533,2
15,67,151,9454579258,2834361231,54.42,1655552789000,1657992333000,48-746-2899,2
16,33,270,1560203455,262766639,49.24,1641948624000,1657677419000,97-457-0407,0
17,76,170,5589228263,7606531773,77.16,1626106336000,1658914894000,73-232-2204,0
18,45,251,7339655158,4633862103,83.13,1642148965000,1658798954000,20-289-7910,1
19,60,168,3308849828,4241824331,12.88,1628594254000,1656508724000,50-402-7161,1
20,79,94,1741299969,7247337702,56.83,1633990506000,1656559754000,81-821-5361,1
21,24,181,3325777112,8646038564,22.69,1650339233000,1657507268000,83-736-0027,0
22,43,103,5249798268,5462762712,86.49,1636226508000,1656795561000,38-195-2225,1
23,49,77,3770259203,7379924834,79.52,1629232943000,1657883061000,12-249-0288,0
24,89,68,1803168544,4500470980,53.12,1638594515000,1657350025000,70-753-9574,2
25,48,59,7722965601,4408245445,60.66,1626128921000,1658783290000,90-539-6507,2
26,69,81,2893331505,4717970047,73.16,1652329610000,1657737740000,51-211-9263,1
27,93,82,7818933107,4606760281,92.82,1643831649000,1657901358000,93-617-7226,2
28,97,173,48317551,1568026269,4.5,1634997347000,1656832238000,17-674-9853,2
29,15,173,6584691055,8747627468,9.09,1624764854000,1656959942000,23-497-8873,0
30,87,179,6443148304,87638908,28.27,1649892362000,1657007552000,82-837-5853,0
31,80,154,5526112349,3496876255,12.06,1631771299000,1656930847000,24-933-5017,0
32,59,53,1676872167,9559119702,89.62,1646427695000,1659141709000,09-250-1688,1
33,10,113,3612507303,3132179485,21.32,1647344665000,1659211386000,71-568-0096,1
34,32,64,2585098729,3756716767,38.13,1644800437000,1657867982000,57-425-7649,1
35,18,276,4883683214,4819755862,10.99,1647408205000,1656804903000,50-185-9557,0
36,63,18,4169416538,4805018313,44.46,1644397871000,1657124590000,58-512-6419,1
37,57,120,6322717162,486252116,74.93,1648994881000,1657855648000,51-032-2440,2
38,40,28,6344307153,1112881360,32.26,1630852209000,1658130650000,29-004-6559,0
39,23,222,3996694512,597278148,54.51,1641707541000,1658632444000,24-352-8052,0
40,58,277,747215758,8392508092,15.81,1634621536000,1658314406000,77-870-8748,2
41,97,245,1701912376,7299009234,90.05,1629551405000,1657469643000,14-573-5873,1
42,98,193,2029803189,7272763590,9.31,1642903407000,1658401558000,47-236-8267,2
43,42,157,3295035601,1672074444,24.47,1645128868000,1657359890000,86-924-9508,1
44,31,100,6190872816,1767197195,72.68,1633352493000,1656911726000,20-947-3296,2
45,8,223,434586358,6889634802,66.32,1637581743000,1658381219000,31-744-3284,0
46,22,215,6394858234,1235670473,46.26,1655125685000,1657590698000,58-509-2548,0
47,88,174,2383394017,6782662124,83.02,1654337941000,1657131451000,70-448-3439,1
48,13,217,9556405372,7543593572,92.56,1640987628000,1656503278000,63-771-7484,0
49,92,180,1938224175,5741235603,84.36,1633297222000,1657199019000,85-186-7638,1
50,12,184,6961189601,6804956923,89.42,1629669882000,1657375585000,31-610-0480,0
51,47,126,4651653057,5897073821,37.3,1636349528000,1658093896000,83-065-4456,2
52,56,65,8328619873,500044562,56.94,1648567525000,1658656078000,05-972-0275,0
53,85,70,3320170864,8091303947,64.99,1636711982000,1658431285000,08-572-1050,2
54,36,83,9146049193,3916167995,95.08,1624981190000,1656486138000,15-669-0292,1
55,100,10,7967600053,5784628496,5.61,1651339978000,1657433730000,06-843-1723,0
56,29,29,9780690085,7196154231,92.26,1632773039000,1658666105000,99-427-8066,1
57,33,152,6532019348,6306710027,31.22,1640706661000,1658444019000,25-301-4463,2
58,35,286,7881279680,7352110437,17.82,1625817426000,1657784961000,36-408-3562,2
59,70,184,4670887750,6956476290,34.63,1632209799000,1656796173000,43-591-8282,0
60,70,72,4347312520,8220627239,21.37,1628771354000,1657455923000,80-794-0134,0
61,50,267,809228742,5579970749,58.37,1642726119000,1657617062000,59-633-8972,0
62,48,72,4447161427,8125350470,34.69,1623522880000,1658222590000,28-454-7282,0
63,7,189,1079176233,1068079754,62.37,1629097158000,1657765223000,61-326-8412,1
64,24,234,3357581213,3411862459,77.37,1631578905000,1657919759000,00-774-7565,1
65,58,149,1080784500,3427987264,26.82,1654769920000,1657663833000,01-381-4187,1
66,80,270,1402599455,2060627540,72.87,1626652464000,1656458828000,09-370-2860,1
67,21,2,7417917577,4463651883,38.79,1637359300000,1658747912000,92-093-6391,0
68,1,203,2494796903,7267465412,10.5,1644778464000,1659141356000,79-047-8310,1
69,36,234,4467876960,7677593135,93.94,1649773146000,1657146237000,20-755-3752,2
70,92,172,4495143271,3507137607,87.48,1641910731000,1657434766000,38-185-6520,0
71,7,183,3041734400,5743686750,82.78,1627683219000,1658083860000,28-762-3980,2
72,82,191,3231381320,1315863618,45.47,1634122601000,1657156743000,48-127-2334,0
73,55,125,7061341165,5639716533,17.79,1633624591000,1657915147000,29-355-2286,0
74,44,117,6845707014,8940611691,53.56,1644261801000,1658191613000,32-768-8033,1
75,24,135,2983314499,9874673125,74.66,1641369256000,1657062044000,36-425-5289,1
76,50,130,9130208106,9220093073,70.56,1644304019000,1658209387000,99-054-2303,2
77,87,18,6526185584,763210781,36.22,1647055248000,1657142607000,26-865-6861,1
78,54,89,6870711062,2564153666,9.4,1636772219000,1656814391000,55-077-0394,2
79,5,218,933063547,7551819959,15.61,1653107202000,1656736224000,54-947-3519,1
80,37,282,5721651369,178975338,92.67,1626940894000,1656766682000,25-281-6097,1
81,100,224,771082495,2919265393,88.1,1646218620000,1659027232000,69-855-7987,1
82,72,278,9825003944,9016203257,38.7,1650924918000,1658514139000,90-811-3359,0
83,98,291,3598704712,1922091642,87.37,1640344888000,1659220858000,25-654-7571,0
84,57,234,2627811126,3108367072,4.86,1627116086000,1656615975000,69-757-5517,0
85,94,21,2437319573,9529913044,35.01,1641609338000,1656429530000,93-942-4886,0
86,41,15,2150392216,4694145606,95.84,1625325313000,1658477863000,79-096-7884,1
87,19,30,939190818,2390639054,29.94,1638716702000,1657136571000,18-253-2703,2
88,40,128,2574216520,236917897,8.16,1651775991000,1658260400000,97-892-3851,1
89,78,135,1078749590,9116141326,31.94,1623196968000,1657035450000,63-450-1546,0
90,65,289,5372324945,4380233383,28.17,1653692336000,1656455256000,79-428-7106,1
91,47,88,1833925254,3378353147,16.58,1629960982000,1659169756000,97-560-1826,1
92,48,158,501190953,6959996309,62.1,1650843984000,1656568218000,52-643-0155,1
93,66,117,4621715984,8203535283,19.12,1647386073000,1656517999000,01-741-5436,1
94,14,6,5863598417,585379866,33.01,1650161261000,1658076302000,46-017-9585,2
95,58,119,9641707000,3462613073,51.27,1651528265000,1658583496000,70-688-8276,1
96,9,73,250677768,3371559505,92.52,1630174113000,1657632703000,60-591-9800,2
97,65,95,551334665,1237597897,73.92,1651418873000,1656675909000,69-882-4954,1
98,23,163,8222332147,7705705958,84.71,1638505664000,1659046292000,29-466-5324,1
99,8,31,4693463345,2236970552,36.34,1638816100000,1656821131000,96-691-1199,1
100,70,151,9147374020,6075114696,85.43,1630053467000,1657793336000,96-864-8093,1
101,94,103,9045500442,2114172236,67.03,1632264842000,1657055228000,79-744-1263,1
102,67,276,6514003222,911070990,66.31,1633391764000,1656713928000,99-717-0360,0
103,91,231,4729942205,1847228836,5.46,1652629161000,1657045292000,00-976-5618,1
104,48,225,7221736111,1454234660,20.08,1633641457000,1658974214000,40-876-7447,0
105,37,21,3380782114,1677705698,57.05,1638865047000,1656585454000,90-187-7545,1
106,58,291,8726815818,5178854470,60.39,1650773785000,1658517253000,12-947-2935,1
107,51,204,765330199,2559197421,47.24,1646116286000,1656994838000,68-396-1884,0
108,41,124,4554029182,8248748081,54.96,1641460679000,1656531739000,10-445-3685,2
109,40,4,7829202532,119703904,34.87,1639471201000,1657329026000,18-013-6259,2
110,30,243,7900307087,9014286880,29.07,1645371573000,1656866340000,34-694-2800,1
111,53,193,1328029379,3424584002,82.34,1631433070000,1657244884000,77-975-6679,2
112,66,277,7992241487,9851359017,54.98,1655510424000,1658842741000,13-721-7875,2
113,74,264,2167449380,3829921292,80.91,1655589273000,1657296718000,82-013-7102,0
114,5,4,5113688738,2833185715,82.46,1626149573000,1657836352000,57-205-0470,0
115,1,190,2465503316,3969918014,44.43,1635155093000,1658031388000,68-811-2093,1
116,47,152,6790766421,2914029837,32.94,1641655423000,1656629206000,49-418-1943,2
117,8,218,2532487143,5352004449,33.68,1628366451000,1657743163000,04-272-9091,2
118,62,270,6671347425,684417154,57.6,1646702551000,1658239177000,81-909-5397,2
119,18,18,932957994,4049673460,58.19,1624900765000,1657149327000,08-128-2005,2
120,22,161,2290201278,9504506151,44.15,1628731515000,1658850862000,51-971-2618,2
121,100,212,8093148035,7959245819,30.36,1630772933000,1658398592000,17-333-6165,1
122,42,59,6373414132,8171162673,53.33,1622997198000,1658792374000,67-857-0262,2
123,49,73,1241798729,5404637803,72.65,1653871774000,1657265780000,22-053-7480,0
124,12,219,6166443919,2026262675,25.14,1635338870000,1658296786000,25-923-0039,0
125,38,285,4012859706,6081743292,52.07,1639727870000,1657639881000,23-344-3261,1
126,93,197,5247385799,7739120162,19.44,1649005997000,1658074837000,03-319-0490,1
127,10,5,3410806962,920445330,83.32,1635927609000,1659139492000,16-462-9158,2
128,49,298,9002599080,4246583588,91.99,1630535732000,1657374286000,64-306-2409,1
129,44,60,5529766641,163290830,80.99,1650574189000,1657747062000,38-996-8180,0
130,31,280,8216549555,7137239803,7.58,1649095572000,1657532139000,74-161-2445,1
131,96,288,5457858170,4504606747,39.19,1624329279000,1657630682000,73-147-6961,0
132,4,287,7270219729,4387369701,99.07,1646879488000,1659078707000,10-842-1236,0
133,68,92,590818406,165515376,75.63,1648126961000,1658014848000,39-879-3623,2
134,6,132,8525697907,4945091943,15.85,1633572037000,1657415638000,74-089-4651,2
135,89,259,3560842034,5744263489,60.26,1654662990000,1656968374000,00-441-7695,1
136,80,17,7872033488,6378590672,75.67,1628510324000,1657549083000,93-654-7469,1
137,68,75,3117667865,5426172447,59.91,1634119197000,1659159658000,97-301-6233,1
138,78,116,9487291172,9100511501,75.54,1653129989000,1658280077000,26-201-5961,2
139,90,286,6262949534,781382424,86.45,1654593832000,1656988913000,86-148-1827,0
140,58,38,2169826467,2613722711,65.67,1651177222000,1656516260000,26-612-5249,1
141,71,1,4886912508,8294937916,27.49,1628398356000,1656535369000,60-204-6267,2
142,28,237,7077276929,5140828626,98.03,1632833081000,1657958729000,44-525-6992,1
143,75,274,8142843587,8734892400,86.16,1636412438000,1656737084000,52-392-9036,2
144,26,127,940060558,5268556207,1.87,1651617926000,1656837484000,71-701-4341,1
145,56,234,9948871715,3107375713,19.7,1651040233000,1659129193000,14-546-4676,2
146,91,25,2054685496,9021856999,58.37,1643753260000,1657885314000,15-988-4826,0
147,30,57,2200770812,195459830,70.96,1652807220000,1657120536000,64-554-1341,1
148,90,164,766961885,3569587266,3.54,1639915541000,1657731660000,26-641-9569,0
149,61,57,3747364594,1922851213,74.1,1651813548000,1656742425000,94-741-4388,2
150,87,85,5061672941,1178253244,55.34,1653661226000,1656389529000,73-203-0188,1
151,80,172,2687564001,4110812674,24.64,1649610596000,1658043680000,35-792-1432,2
152,62,94,9492119730,3559540860,75.5,1641362105000,1656489790000,99-555-8971,1
153,13,278,2164421035,2772795713,49.98,1623762075000,1657163202000,53-475-8208,0
154,10,299,4419482168,1103333658,84.65,1649796048000,1656471119000,34-678-0097,2
155,14,84,6014003614,7001244120,20.85,1630107625000,1658224858000,05-153-6820,0
156,32,86,4776220113,8280716416,88.83,1646057590000,1656965581000,06-958-1348,2
157,16,101,102714460,3354315598,7.01,1635173557000,1656425197000,09-149-5458,0
158,11,282,7426886786,1736360531,44.96,1643770823000,1657375670000,98-874-7739,0
159,89,45,4650476356,8262314425,47.76,1627683030000,1658713880000,17-459-2976,1
160,90,80,7315591478,5935086441,10.14,1637692708000,1658211018000,68-001-0191,0
161,4,262,6277963597,6514522920,35.1,1650616742000,1656475677000,38-227-1753,0
162,87,291,9150385771,2604646773,43.52,1624832954000,1657627660000,55-487-2432,0
163,56,253,3744530655,3308976927,47.81,1645128600000,1658383977000,29-604-3309,0
164,6,59,4259059084,3815897572,17.43,1643610177000,1658446883000,53-874-5698,0
165,71,66,769565662,566738961,80.08,1641687514000,1658027658000,14-162-9278,2
166,2,89,7680080852,3429072700,37.95,1654976324000,1658768757000,10-998-2950,1
167,12,247,3752010878,7253516060,50.31,1642679619000,1658269356000,66-618-6140,2
168,33,119,2240299452,7065327108,1.91,1623187840000,1659028981000,48-284-3753,0
169,73,278,2541915446,2764962622,72.9,1624562781000,1657087509000,01-496-7857,0
170,85,104,8540101556,3922544991,84.79,1628733820000,1658545201000,49-800-4739,0
171,62,221,5291937750,6733691329,78.74,1655880473000,1658683169000,32-398-8298,2
172,87,89,4478420998,6034743621,93.28,1643982947000,1657020261000,51-361-5272,0
173,70,266,8350822988,6738338538,48.44,1625216312000,1657952963000,46-669-7053,1
174,26,150,8400126173,3240251361,10.58,1656099574000,1656804758000,31-889-9691,0
175,19,104,5769404701,2561788229,54.61,1625289731000,1657788274000,73-011-3971,1
176,96,234,6274701230,5571878037,82.24,1629029072000,1657600013000,53-568-0870,1
177,47,277,9233537951,6469924204,13.94,1637487965000,1657886356000,36-114-1823,2
178,49,297,5423052548,3476973379,22.37,1633970680000,1658964908000,32-170-5983,1
179,62,12,2125914611,5042996583,23.94,1623228894000,1656668530000,83-653-0739,2
180,50,39,8293212993,255151632,3.68,1653691420000,1659129569000,50-679-7910,1
181,53,129,6038910786,2466564696,84.13,1626802979000,1658177318000,92-620-7809,2
182,31,41,866300481,1854604473,97.33,1651209478000,1657647995000,27-488-3057,0
183,17,3,8376458752,7503825782,44.62,1625541811000,1657491526000,67-669-3296,0
184,78,253,8104870181,5668544362,17.48,1624145748000,1657856968000,31-753-8652,0
185,71,28,6717222727,7287658623,15.61,1639147641000,1658484522000,34-930-8867,1
186,66,88,2865909344,312511280,64.22,1647687960000,1657715715000,94-408-9989,1
187,85,49,491922833,2048564577,65.02,1655337603000,1657262437000,86-188-5868,2
188,80,279,2771167999,7718303543,59.73,1654884803000,1657168321000,48-519-3995,0
189,32,204,4616773211,8924405845,29.47,1627776283000,1656798523000,10-668-3275,2
190,23,276,1944627766,9552185130,22.77,1627516515000,1658118314000,02-975-6108,0
191,22,45,9053949569,2420763610,73.93,1652976988000,1657804342000,29-662-1787,0
192,69,19,6969651827,3234691215,2.71,1654465673000,1658301391000,29-979-6856,2
193,68,252,210787023,5046390361,10.7,1630772040000,1656935518000,01-578-5834,0
194,51,7,9646086160,6244023250,94.96,1635134843000,1657680284000,43-113-2090,0
195,50,31,6354248818,3709515890,16.76,1640465681000,1658181132000,94-177-1452,2
196,44,169,5994408409,6932967898,45.93,1630887322000,1658899362000,10-785-6311,0
197,45,172,6744330543,6577948283,15.84,1653262409000,1658694832000,83-005-3236,1
198,84,128,8981154945,4484637987,47.48,1626932971000,1657589257000,85-006-1962,1
199,2,218,4926833840,9566738269,19.15,1630965719000,1656928377000,31-961-0640,1
200,23,287,8349413891,1887137807,5.11,1646667237000,1657502169000,61-494-5831,1
201,77,182,9192884717,2282932242,97.9,1647786415000,1657825131000,74-246-8793,1
202,47,155,9267300148,2063948410,14.0,1627512909000,1657342591000,58-719-0449,2
203,54,297,9837363363,1309449759,86.07,1653467475000,1657866197000,33-534-8885,0
204,77,63,207751315,774563990,65.4,1649498380000,1657847011000,58-610-3320,2
205,22,88,1110625820,1002238404,14.43,1654946666000,1658469915000,45-890-9763,0
206,7,246,9030510137,1725847280,45.37,1639774709000,1657924923000,51-895-8718,1
207,52,200,2998084257,9007264303,2.92,1632902639000,1656794217000,66-660-5641,2
208,96,120,2170291830,1113340460,37.62,1649276235000,1658343103000,35-860-4947,1
209,69,120,8412415213,5911199009,23.12,1627945924000,1657841318000,33-752-1973,2
210,61,18,2597988031,3819585052,90.8,1628967445000,1657510411000,44-940-4940,2
211,70,163,947869425,3326193106,63.58,1648666117000,1656488536000,55-203-1784,0
212,14,150,6491836738,7197258936,33.3,1624910324000,1658511901000,39-244-7108,2
213,85,38,2322742066,1650463553,53.21,1642492713000,1657451437000,40-105-7689,2
214,36,69,4287928865,9228763884,83.25,1645425877000,1658069518000,20-250-2037,1
215,12,230,3491879051,6870240957,50.26,1628298689000,1657667219000,19-965-5400,0
216,100,39,4645383841,5936560066,43.5,1647930038000,1656856659000,61-488-5068,1
217,46,96,6743505846,8121887534,5.96,1639387869000,1657846468000,31-022-2135,0
218,36,259,8539448033,2745832069,72.96,1626535266000,1657739125000,85-439-1530,0
219,95,298,5626648097,2708809296,10.3,1623543730000,1658523923000,20-834-9251,2
220,56,285,4384836104,3020146151,59.85,1638823600000,1656956543000,04-773-8705,1
221,38,18,9731888500,9566511787,83.37,1636324765000,1658677328000,30-745-1918,1
222,84,163,192414054,3423701463,61.4,1645905727000,1657854493000,56-234-5834,0
223,19,242,5431303511,3490997336,45.76,1650557177000,1658534615000,19-175-9514,2
224,14,108,4584790574,5060639576,39.12,1631938299000,1657157330000,76-802-3638,1
225,85,71,5833226961,6070856864,73.44,1631354162000,1656751484000,77-893-0765,1
226,76,202,5091372814,123869854,4.85,1648666068000,1658841699000,20-236-5000,2
227,85,74,229887694,906710006,12.62,1652260890000,1657013631000,02-760-4004,1
228,29,174,752619047,443976880,13.62,1652712447000,1657131352000,65-010-4848,2
229,13,236,6347720663,7417062997,26.38,1623104997000,1657998061000,05-249-9930,0
230,20,123,5133365772,1418723908,49.92,1634574014000,1658147937000,81-210-1569,0
231,36,282,468695001,9631406938,43.19,1654013186000,1657571870000,09-610-9071,2
232,17,223,8248321398,218494858,71.06,1631743546000,1656618854000,00-930-7339,2
233,81,102,8963132838,3133586998,55.81,1634090280000,1656641380000,14-963-5258,0
234,63,205,3672157317,9900683,87.88,1645245862000,1657351572000,28-427-1962,1
235,95,220,8087650034,6117821654,36.33,1624034646000,1657628807000,50-122-6084,1
236,4,212,4343519597,2929187638,5.06,1636435131000,1658539642000,84-598-2250,0
237,47,163,2735519104,6605823893,65.65,1623450725000,1656628134000,89-717-6463,0
238,86,17,8796030313,7576833017,36.32,1645110859000,1658652538000,59-812-3216,0
239,44,138,5525404885,2583406574,77.48,1624463985000,1658113962000,06-767-0253,2
240,86,22,5384143584,456128190,17.32,1655227543000,1658522279000,12-080-7809,0
241,22,257,2479745244,9938327222,83.04,1637447011000,1656531601000,04-829-0681,1
242,72,111,3535998867,4506101774,25.88,1648678250000,1656636678000,13-156-8269,0
243,50,262,2299217053,1951165144,11.71,1628137017000,1657170179000,82-558-0370,2
244,53,49,920021220,5652156422,38.54,1639266496000,1656702833000,24-625-0938,2
245,53,201,872553647,2190498562,49.45,1625932308000,1656755659000,93-239-3973,1
246,67,233,1879046326,5586227495,11.62,1643708121000,1659108144000,05-872-2485,0
247,100,2,7520985466,1507205910,98.37,1641511410000,1657043542000,96-642-5104,2
248,32,280,2253120243,5704036260,19.51,1628730900000,1657330679000,15-003-5029,1
249,79,92,2537615581,6790047948,42.22,1641651316000,1658411213000,21-311-6738,0
250,29,129,8482754769,1213846951,87.98,1642348400000,1657655258000,84-685-1245,1
251,60,247,664899935,1917425813,8.28,1649215702000,1658507056000,49-566-1051,0
252,30,136,2999043643,1635391962,22.75,1640394387000,1657741653000,36-321-8871,1
253,75,86,1560193832,5190549550,12.89,1635175586000,1657569083000,63-984-8487,2
254,52,236,8749952218,1229290044,34.32,1624157709000,1658446975000,29-777-6475,1
255,28,193,4725884685,2901060471,71.19,1629901229000,1656536523000,74-347-0907,0
256,71,171,852173253,2479151654,92.38,1635909447000,1658424180000,00-130-6007,2
257,57,248,649570995,5558856211,47.76,1638991895000,1659073788000,62-717-7254,0
258,29,42,1899660194,5384825634,59.22,1652093835000,1658874030000,68-691-7732,1
259,85,107,9011908295,7687208498,22.71,1651534435000,1656628803000,43-238-4856,2
260,94,128,7561325576,8367761863,15.25,1628259568000,1656893297000,42-265-5364,2
261,2,215,356014932,3221289707,83.8,1632982924000,1659047284000,95-133-4410,2
262,32,23,8334547382,4479320296,19.89,1648650413000,1658457784000,37-812-5332,0
263,85,129,3813824888,2801427624,20.44,1637452730000,1657259087000,72-583-4492,0
264,83,139,606552855,7683520683,73.0,1644493699000,1658881424000,36-151-1237,2
265,85,203,2339430828,8276016383,44.61,1632731747000,1657201461000,30-400-4255,2
266,59,121,6019092003,546677185,62.36,1630850165000,1658855309000,67-589-6515,0
267,27,27,1700526553,2331114781,97.59,1649936003000,1657617523000,35-566-5121,1
268,6,281,9343527616,258081287,78.05,1655227580000,1657753868000,66-346-7625,2
269,88,37,6830257476,5950344332,61.75,1642929744000,1658465631000,11-354-3916,1
270,94,265,2920919644,5536664581,50.54,1644518283000,1657949249000,06-641-2160,2
271,67,285,8190730991,8544060676,88.72,1652793054000,1656643565000,19-818-0710,1
272,78,41,2684711682,6693965954,95.97,1645414583000,1658824434000,68-954-0321,1
273,83,95,8825946333,440542944,88.34,1628116266000,1656503508000,27-035-1511,0
274,8,61,6923187753,5408329623,5.38,1641841426000,1656767222000,91-133-9642,0
275,80,17,3110156768,8593461409,84.22,1636602695000,1657695752000,82-480-2894,2
276,24,272,1134965532,5463353336,87.54,1637919641000,1657603877000,67-207-8764,2
277,83,281,157388867,4402923190,78.49,1653162101000,1657476191000,41-580-4941,2
278,45,5,8475218660,9807118387,4.33,1634130961000,1658589700000,60-111-4263,0
279,34,195,3417088941,9439299711,68.12,1648978682000,1657575865000,28-833-9217,1
280,16,295,3752269081,75858738,4.53,1633935384000,1656386372000,08-234-1666,2
281,63,28,5052531575,7198276695,44.88,1623408865000,1658545167000,87-461-0358,1
282,78,73,8524618582,4608463683,7.64,1652685919000,1657969780000,68-393-6924,1
283,49,55,8224951642,8618699187,62.89,1635836539000,1656511284000,17-420-3198,0
284,64,35,4243153841,9841954,4.43,1643545447000,1656439442000,88-815-8552,1
285,14,279,3874618463,4264250528,61.62,1653615203000,1656667873000,06-848-6504,1
286,75,139,7756411234,1236654285,75.53,1626731395000,1657709360000,87-004-4824,1
287,61,172,9234674421,4845384876,58.27,1630668880000,1656645706000,55-254-7979,0
288,68,199,8329285596,3131851430,97.24,1624070689000,1657192100000,02-452-2627,0
289,21,28,3145471643,9572517678,3.81,1654733719000,1657827357000,96-983-1794,0
290,53,281,8506916887,2178772633,37.59,1655483183000,1656519023000,80-228-2656,1
291,41,84,7168986864,45545995,2.41,1646125403000,1658130464000,79-710-8900,0
292,29,5,7296878614,1180495136,57.79,1651335897000,1656588401000,69-864-7275,0
293,66,116,6619476694,8582188870,9.38,1648703188000,1657251419000,79-121-2321,2
294,61,147,443639604,3252259486,5.49,1641757003000,1656525838000,66-685-1596,2
295,56,218,1459698878,9363806243,40.71,1630079422000,1657285114000,87-023-5969,1
296,75,4,2084983843,2040995730,43.8,1633098992000,1658147167000,19-672-7452,2
297,93,75,9141327608,3113085810,19.24,1650169804000,1657322967000,87-945-3534,1
298,6,94,4489415370,1245313932,82.23,1637805279000,1657823284000,62-158-8990,1
299,67,176,3384812492,1219067741,95.17,1644008340000,1659054450000,00-900-9748,1
300,42,202,1358303169,592772144,60.36,1651263254000,1658177805000,70-996-3041,1
301,58,191,5998541901,8364729,34.36,1634098566000,1657239367000,28-041-2880,0
302,58,2,4711858105,9379741537,93.62,1640444968000,1657572029000,17-413-1141,2
303,4,23,3659633062,7381354152,7.25,1625338376000,1656541029000,62-522-3625,0
304,65,234,9865399954,6029401424,69.78,1645951474000,1658640814000,33-690-0042,1
305,95,256,3503636528,7888371736,59.76,1625289990000,1657518663000,03-430-7110,2
306,95,273,7239262383,3233311761,56.13,1628058782000,1656888917000,59-335-5716,0
307,13,209,9567234051,6104681,20.67,1636648655000,1658073662000,22-059-1550,1
308,38,213,3235560149,1933665866,40.78,1623596414000,1657575137000,58-220-4173,1
309,88,22,8590313174,5449490771,68.58,1655805955000,1656709191000,29-931-4020,1
310,60,180,6100737795,6517130918,25.66,1625471328000,1659069709000,30-981-5395,0
311,89,264,484249878,275732797,22.58,1647209442000,1656869040000,54-744-0635,2
312,66,287,7036989688,7189142983,36.51,1654569480000,1658271394000,65-449-9087,0
313,55,300,1618370227,2833340354,73.94,1632299628000,1659102000000,78-804-6616,1
314,95,268,4869879565,743152069,89.68,1630554783000,1656857225000,74-948-0077,2
315,8,71,2542872589,6062686351,44.88,1632280574000,1657643682000,01-558-9202,1
316,43,100,9740403581,2575788323,49.46,1623939966000,1658173893000,90-606-7003,0
317,26,80,8540255995,5808887526,18.2,1628369180000,1657866867000,30-556-6062,0
318,60,200,3820931708,568337786,75.02,1623865867000,1658880983000,57-454-1081,1
319,42,151,3030681289,1887760253,95.16,1625093642000,1657345937000,55-489-1497,1
320,46,215,7790503766,243052332,87.18,1642812261000,1658825733000,36-385-8207,0
321,44,257,1124680373,9786351045,31.86,1648200065000,1657589475000,56-270-6806,1
322,66,2,9011858719,2301557936,19.2,1642068593000,1656987667000,27-530-7395,2
323,90,263,3737032874,1281188905,83.98,1646023121000,1658740350000,88-111-4324,2
324,8,298,406313040,2202408436,25.76,1634451122000,1657726992000,60-287-9955,0
325,55,57,4232664858,7409694904,73.96,1631233479000,1658142682000,93-295-5730,2
326,73,142,4814090625,3282547048,54.34,1637239362000,1657665320000,54-905-2824,2
327,20,227,1257438433,5164050293,72.65,1651460175000,1657085741000,20-635-1298,0
328,39,74,4950626817,7143096067,34.87,1627299504000,1657335382000,41-622-5846,0
329,26,204,7737928413,9650236457,50.37,1629927579000,1656773606000,23-057-4394,0
330,33,112,523187068,7267408877,85.51,1641648204000,1657981388000,79-216-4221,0
331,60,178,7199951396,5681394166,38.81,1647610706000,1657867525000,35-323-4715,2
332,100,268,3423307145,7740989983,68.06,1653912300000,1656595255000,75-239-6147,2
333,35,213,4179362147,3683538767,69.89,1640081019000,1658401609000,31-665-8566,1
334,6,59,5920169850,9079270334,58.8,1649944827000,1657954086000,52-478-3631,0
335,21,20,6026886141,6855088279,90.3,1637380674000,1659095900000,16-258-8687,2
336,69,157,1039175988,7924460829,62.82,1639484242000,1657596282000,41-686-8326,2
337,30,154,2565606451,5231943207,25.16,1632956115000,1658225016000,27-369-2439,0
338,14,292,7784229224,2209691044,95.23,1649356194000,1657611420000,57-870-8566,0
339,4,141,1341376818,504563246,32.99,1646036990000,1657241213000,81-261-4663,0
340,16,15,7692566585,3757547381,65.51,1633506924000,1659132022000,03-042-4350,1
341,32,20,5711561375,274329190,79.92,1638309104000,1658258173000,85-699-6394,1
342,18,284,5028338930,3136309324,37.97,1633685053000,1658342135000,29-038-6902,0
343,84,276,8388153692,8961854240,66.44,1630281262000,1658660017000,54-249-1612,2
344,21,125,8014630106,7431007809,59.39,1624654811000,1659224797000,41-364-6820,2
345,69,64,8508454635,7099932683,35.1,1640107080000,1658151087000,65-762-7474,0
346,98,12,4488456367,7960388423,18.68,1643319215000,1656886144000,00-447-4543,2
347,22,52,5415777490,5602401792,56.34,1625602451000,1659115799000,45-107-7679,1
348,4,169,5014375006,816406537,6.24,1647995946000,1657236134000,80-011-8251,2
349,55,262,4031366264,7315137289,74.94,1625494544000,1656741341000,08-225-3072,0
350,80,129,8457578405,1392547482,97.23,1645829024000,1656875440000,75-862-2777,1
351,56,107,4203980089,6415387847,86.52,1636096939000,1659149405000,79-375-8328,0
352,1,204,2028318287,5770504994,63.63,1627466791000,1658899921000,36-665-1578,2
353,44,182,6291211270,7920269407,8.71,1630788379000,1657377447000,35-147-1405,1
354,28,190,4070421513,6678305167,53.15,1629170488000,1657841432000,61-039-7691,2
355,32,113,6766171405,7122100197,35.71,1640960183000,1657878531000,16-759-4048,1
356,16,205,9641044400,574435484,54.65,1641848742000,1658440112000,93-537-9943,1
357,93,62,9184465689,2997953235,36.47,1638532068000,1658127220000,42-186-2722,1
358,97,296,7388393048,7254451248,22.2,1636680539000,1656841272000,09-992-2787,2
359,89,51,5528982790,772311803,80.14,1622995562000,1659126433000,53-468-0330,1
360,19,30,6564151322,4259674293,67.18,1630137523000,1658729095000,68-439-2956,0
361,37,223,7161439329,850475295,85.09,1623533912000,1658104697000,16-931-9227,0
362,32,200,7048135743,5348483362,6.06,1633035018000,1656498451000,06-731-5739,2
363,48,204,6767793124,2098254075,51.34,1654583305000,1658693973000,29-668-5881,2
364,81,135,4316398466,4171849756,22.0,1655194732000,1657831549000,71-701-3720,1
365,75,127,4403141927,2272044018,72.91,1634375919000,1657916032000,69-727-3355,1
366,30,33,9469701720,8345827039,44.45,1635838287000,1658538661000,67-468-4304,1
367,3,210,4250462153,1619192764,65.13,1655903547000,1659026409000,68-064-7641,1
368,86,36,2622743343,6426676071,14.18,1624381767000,1656379539000,22-572-3159,2
369,48,85,6204523708,3025828943,80.33,1625439054000,1658144625000,98-648-1448,1
370,40,194,7240612538,2169280049,63.94,1650758138000,1657624369000,31-562-1081,1
371,88,282,3119129968,1624941729,24.76,1639878789000,1658607412000,45-864-6860,1
372,91,174,7363622809,2879150582,8.3,1635755025000,1658442267000,67-838-9994,0
373,93,155,3028062895,8443122986,51.44,1628903734000,1658069829000,05-079-1182,0
374,66,156,9289019751,1262559375,48.81,1637477185000,1657384984000,42-299-0161,1
375,84,221,6758564266,2745343300,73.2,1652578639000,1657214232000,36-850-5403,1
376,27,235,7369188469,7470082867,15.73,1637523000000,1657916542000,98-883-9055,0
377,16,214,2577722672,7507123065,61.88,1630448209000,1657801659000,14-265-6926,2
378,40,47,9710682636,5007177857,11.3,1655582848000,1656761650000,57-905-5894,1
379,70,56,5377288289,1677562390,82.24,1649050410000,1658908187000,13-209-2413,2
380,18,153,8719788398,2525215443,16.84,1647498657000,1658997559000,17-096-8528,2
381,20,135,2769098438,721028071,17.37,1648229597000,1659035015000,34-201-9297,0
382,80,139,9459275508,1455853429,45.92,1631064404000,1658727227000,35-348-8419,2
383,47,276,3386074022,9429669656,58.26,1638790610000,1659212918000,39-555-3003,2
384,54,91,6888145913,1261564154,10.67,1631340909000,1656598008000,74-591-8229,1
385,67,25,9393525900,1437691242,17.39,1623346528000,1659030834000,32-575-9019,2
386,38,228,6456307252,5186546348,79.58,1631072767000,1659217902000,04-753-5469,2
387,40,79,3498159143,9742284768,56.93,1649321012000,1658639911000,92-363-6714,1
388,60,242,1429373962,7765883712,70.17,1645674402000,1657970822000,23-898-4617,0
389,91,49,6930367567,6677277259,40.34,1635568759000,1656754942000,25-906-4855,2
390,50,55,9352658124,4968035918,98.69,1654596588000,1657330107000,42-278-1799,1
391,45,163,412311844,5965751869,69.69,1649487023000,1657042366000,53-323-8758,1
392,90,204,6071605199,5512621661,97.28,1624095004000,1657643349000,80-416-3960,0
393,96,23,5468517655,4904633032,82.04,1649052028000,1659057508000,61-496-0021,2
394,57,29,6220986245,6031639041,49.76,1653542333000,1656511501000,17-169-4116,0
395,23,142,9868859123,5437552556,16.5,1645237176000,1656892192000,07-849-3076,1
396,31,291,8823851602,9071239012,18.06,1639044167000,1657190312000,06-620-5016,2
397,97,42,2611228876,6174050688,27.9,1632633643000,1657627513000,51-525-9726,1
398,89,42,4998289780,2334062545,32.43,1653897824000,1658865384000,49-004-4436,0
399,90,100,7976011308,6788988331,30.47,1642055053000,1656966165000,44-271-0415,1
400,25,126,3484078006,547706804,32.8,1633173335000,1657405225000,67-732-2393,0
401,18,65,3340386382,2906680923,98.03,1648814802000,1658660022000,07-586-6058,0
402,79,107,3060088187,7542698427,36.99,1643002628000,1658961719000,41-868-7775,0
403,6,286,5704744958,5551379574,3.34,1632484137000,1657637199000,57-361-1181,0
404,43,84,2951864000,2259929222,94.99,1636815630000,1658897156000,72-932-4963,0
405,72,174,7414745821,5114759248,36.95,1639138562000,1657028677000,07-443-7409,0
406,55,119,5834635768,6921662969,77.76,1649616690000,1657190190000,36-846-1943,2
407,9,174,8735559489,7996543550,32.58,1647341487000,1657597576000,52-913-8032,1
408,82,260,5150298212,4174422338,78.11,1631122789000,1658666910000,92-214-2429,2
409,91,212,26702061,422895776,8.68,1645408403000,1658932790000,03-384-5604,1
410,84,90,5634454026,1705075592,10.15,1636636412000,1657906349000,29-016-7181,1
411,31,212,7674035964,575173432,41.94,1629267659000,1658585163000,16-605-5622,2
412,77,94,1203915888,9538323203,46.75,1651479450000,1657187179000,86-203-8293,1
413,92,246,7725836691,2739700385,34.06,1631680303000,1658125027000,62-030-9688,2
414,76,180,9553788661,9632802241,91.72,1627020866000,1658665599000,83-951-6205,1
415,83,164,2324518821,6184456709,21.69,1635550345000,1658383593000,20-348-2891,2
416,79,154,9293066238,4442033501,73.5,1640112918000,1658528491000,20-729-8438,2
417,36,24,4332541677,1989872085,77.43,1626153491000,1656714160000,89-124-6366,2
418,70,25,5669970349,3944200705,4.13,1640895627000,1657960117000,19-688-2406,0
419,4,151,4688867204,712534180,72.65,1646501043000,1657050772000,24-135-7528,1
420,71,14,7485903896,7097011548,48.99,1633849408000,1657169749000,94-347-9512,1
421,98,237,7181908391,3360776593,55.69,1630254970000,1658790970000,48-153-9390,1
422,71,49,4391340658,9900634241,62.01,1629045387000,1657456171000,48-110-4641,1
423,86,140,673611493,9693090071,34.71,1656110191000,1657553944000,53-782-1675,1
424,66,279,4632663298,6522199483,99.56,1636551503000,1657235337000,36-767-7177,2
425,45,63,7459945390,8595433623,83.59,1623092185000,1657349162000,40-037-5823,1
426,38,124,5060980405,8299112311,8.63,1636142378000,1658218754000,16-782-6302,1
427,22,158,9033009870,745382169,96.36,1644399602000,1659086286000,92-764-5053,0
428,11,124,2473825785,4059624780,59.22,1644853544000,1657938800000,83-844-2729,0
429,79,170,9103943607,2916880526,81.01,1642732175000,1658153032000,54-279-3617,0
430,5,120,5403414495,5555393717,63.06,1652427543000,1656429442000,24-590-0779,2
431,85,60,3399943008,4953716426,59.33,1640074407000,1657475091000,77-616-0391,1
432,9,231,6129442793,2547190303,63.38,1641914871000,1657922809000,36-505-6695,1
433,94,128,2195082534,6367064346,79.5,1653820434000,1658310097000,31-317-5987,0
434,95,65,9008672456,466252560,62.99,1649991520000,1657129052000,23-020-8666,2
435,86,139,2500352692,1862216681,54.81,1633731992000,1657668818000,01-270-6857,2
436,74,55,8366337332,3988168378,15.66,1645680613000,1658359234000,24-307-9990,1
437,19,62,5489444606,1789207614,24.78,1632233002000,1658989165000,31-342-9107,1
438,18,221,8421011235,4486483367,20.48,1641499934000,1657854631000,98-800-1848,1
439,30,63,5418121510,3543123122,56.82,1627385988000,1659175810000,37-474-4185,1
440,66,30,4305637979,1841245429,10.19,1647005080000,1658732832000,61-545-3353,1
441,68,194,5166634691,865001421,4.74,1647366906000,1658822625000,13-682-5752,2
442,26,223,5951953308,8716878019,71.71,1628052556000,1656869875000,75-022-2747,0
443,7,236,174219547,1830744348,7.18,1622573616000,1657148682000,32-062-6124,1
444,51,94,322279402,6536905156,67.09,1655491958000,1658700151000,95-757-0814,0
445,91,184,3344001264,3662986159,42.65,1636394657000,1656518980000,93-884-2911,1
446,41,5,3787449876,3124066006,82.16,1634063736000,1658469319000,93-408-2837,0
447,77,31,7397655386,6653618080,1.58,1643548410000,1659113293000,47-098-3958,0
448,48,7,6196120387,9979053747,91.42,1637193153000,1657055756000,06-630-2184,2
449,9,184,3303423156,4903205010,8.01,1637867286000,1657787147000,92-653-2748,0
450,28,292,4210134759,6060432077,31.59,1625379831000,1657747095000,27-542-2447,1
451,4,49,358063558,6425724587,29.38,1638386014000,1658815834000,55-825-1167,0
452,52,144,1480136387,4269242396,21.49,1649322022000,1657173836000,64-653-7733,2
453,53,247,3858588369,1910159026,44.25,1638492235000,1658610186000,76-215-1949,0
454,96,169,9363039013,5000754336,68.01,1629993382000,1657084272000,59-698-2049,1
455,9,242,6832852762,4837893619,87.76,1639942014000,1656744816000,61-069-7167,2
456,27,39,6508252151,4684186024,53.97,1645671966000,1658422532000,44-846-3378,1
457,17,207,9641303341,4675932819,99.0,1633175934000,1658478237000,87-188-8840,2
458,13,150,5519463158,2017949345,45.33,1652140468000,1658212485000,79-204-2324,2
459,39,193,3951168862,293015295,19.25,1628659783000,1659194026000,88-152-1565,2
460,65,300,7714184299,4106534215,94.02,1633112994000,1658362523000,98-959-5453,0
461,3,226,6428275333,8386419148,7.15,1641163571000,1657888756000,80-713-9229,2
462,57,230,1016763360,6968553570,73.4,1639042643000,1656646302000,77-761-3670,1
463,52,39,2220425878,7837638719,10.16,1641670758000,1657544146000,13-939-8785,0
464,96,141,7734708536,1856485307,70.48,1640814455000,1656665370000,83-418-4720,1
465,67,225,1295462524,907660037,96.77,1627536728000,1657326467000,83-317-2506,1
466,50,62,8546528403,2818104874,22.51,1655866551000,1657238738000,67-501-1152,0
467,53,208,1295551314,2680934261,29.45,1630077519000,1657107454000,53-469-6246,1
468,93,93,4550941146,7289353781,30.17,1624430699000,1656496266000,71-135-9432,2
469,19,81,7033719922,1148707301,39.73,1652755305000,1658916492000,23-477-5797,0
470,39,297,444531688,3933099676,7.11,1641955472000,1657609020000,71-644-8327,2
471,10,131,4871665658,8181772229,95.6,1636223128000,1657979961000,55-674-6908,1
472,50,43,8661326230,5310523448,88.96,1646586996000,1658420811000,32-585-7555,0
473,51,82,8898163355,4377996193,27.6,1639037222000,1656475311000,64-298-8175,2
474,16,81,2913963943,4426417813,27.24,1637129428000,1656532564000,94-560-9703,2
475,66,203,2909656268,4691746323,37.34,1644599919000,1657900941000,13-720-3838,1
476,80,115,7762260218,6341429614,59.77,1639085268000,1656923972000,64-714-7320,0
477,37,262,1283740494,5075920446,90.14,1644895354000,1657649079000,29-002-6982,2
478,68,31,4706414563,4945504105,68.79,1643866068000,1659129376000,36-566-5264,0
479,45,4,4190057770,1410664112,43.52,1628366282000,1658258233000,10-803-8529,0
480,86,256,849306191,2530169667,8.17,1647649712000,1658658711000,25-626-0287,1
481,58,61,1848477538,7253673999,31.57,1652057767000,1658457668000,69-216-6848,2
482,66,58,7254523656,7694837004,54.06,1628364163000,1658575452000,44-620-3235,1
483,17,96,1541628098,1022871846,33.5,1655311933000,1656874360000,16-947-0274,1
484,54,227,5812393028,4019792399,56.41,1642653391000,1656683950000,59-453-1354,0
485,82,209,9823907110,3022806760,96.84,1643637611000,1657398559000,42-795-0093,0
486,7,276,7963112577,9092522600,63.18,1629157431000,1657206139000,65-852-1500,2
487,73,79,1132562988,4905231574,53.34,1648332987000,1657255534000,10-347-0254,1
488,77,226,6003982101,7052268892,6.54,1639465651000,1657793398000,46-772-9002,2
489,34,113,4061864114,1420853651,92.74,1630133894000,1658425375000,78-179-9105,1
490,98,39,2812541377,7267715478,60.47,1655673082000,1658754242000,21-026-9597,2
491,43,133,623151650,9340160630,48.23,1631641028000,1658063302000,21-864-7019,0
492,40,76,9328848873,6386949382,46.13,1636740806000,1658430231000,55-006-4600,2
493,78,217,55272967,5742601573,83.11,1622561937000,1658776528000,53-144-2732,2
494,96,102,5781618287,49504576,57.65,1626100794000,1657812490000,39-666-4167,1
495,93,60,9977181683,2526085705,60.35,1643441603000,1657569437000,33-913-9834,1
496,57,169,7335116651,7872102951,49.33,1623917237000,1658023835000,53-539-7521,2
497,80,292,2537923006,2632017572,20.86,1633083915000,1656563576000,74-324-5304,0
498,94,8,2359441329,7356957736,11.23,1632922062000,1656430392000,51-176-1294,1
499,39,10,7074744433,5562757818,71.74,1647710615000,1657352178000,96-538-2707,1
500,99,186,1617068373,9460552838,22.12,1637813099000,1657255078000,99-282-3751,2
501,17,123,5809653863,8248652106,53.15,1654088297000,1657147023000,88-715-7696,2
502,58,272,9236015476,1805446940,91.8,1625495030000,1658657045000,61-962-7726,0
503,99,235,2336876140,3182790048,57.4,1650644645000,1657361270000,95-104-1605,1
504,90,191,9956970476,8183467288,64.58,1652524141000,1657091607000,45-011-3599,1
505,88,137,6107527575,704674521,66.2,1632832799000,1658737613000,02-824-4657,2
506,12,36,5664535288,1304809811,6.15,1631730221000,1658966960000,76-635-1571,1
507,30,293,5365114191,3825498999,22.44,1645159447000,1658210204000,18-991-0248,1
508,89,104,8976644840,7812556638,54.45,1632642877000,1656730610000,12-196-4078,0
509,60,8,4484904675,1912535211,86.1,1638283885000,1657880955000,57-785-1265,2
510,35,175,6163574923,4983730052,90.9,1646294159000,1656692797000,19-086-3030,2
511,66,92,3577996579,5204440453,66.84,1638132166000,1659045595000,00-568-7120,0
512,70,213,7060734570,8738480875,51.17,1645622396000,1656947084000,96-944-6497,0
513,15,87,8396550395,3801279057,87.27,1629026124000,1657809332000,93-619-5237,2
514,22,239,6245184851,775988820,76.3,1638565741000,1658222180000,87-138-3899,2
515,97,239,4254606745,4998722751,1.04,1653333138000,1658417556000,02-365-8261,1
516,30,143,8026233824,793938546,1.73,1648196274000,1658505812000,79-545-8870,1
517,69,41,8483739984,2315321816,65.1,1650672816000,1657850023000,21-778-7092,0
518,12,179,1944764860,6476222902,40.16,1647952533000,1657108743000,70-821-8645,0
519,26,102,1193233445,3475329824,72.98,1652181080000,1657259502000,85-710-7970,2
520,66,67,2914175280,6369952230,66.74,1641295301000,1658297302000,58-036-1960,1
521,45,187,8293925094,3595481011,21.57,1635033032000,1658939031000,57-028-9627,2
522,16,172,6007583449,5543577702,38.74,1643417286000,1659174082000,21-908-8802,2
523,37,130,1138254975,8324897569,43.53,1631858382000,1658716272000,60-117-4763,2
524,1,153,7317365785,7929005550,71.72,1643836162000,1658475277000,31-648-6959,1
525,8,135,9731417761,1449692273,11.84,1633554434000,1656799760000,82-083-7876,2
526,55,66,4915855104,5046920824,88.04,1648544778000,1657635094000,09-829-6267,2
527,92,40,1544038208,4261875306,99.69,1650274034000,1656612726000,64-607-7071,2
528,95,54,6039728078,7011703012,29.1,1637714674000,1657158593000,74-886-5923,0
529,32,253,9891065278,4074510057,56.83,1633723738000,1659103219000,47-540-7922,2
530,26,195,5771222569,2427718114,31.93,1632841771000,1657428129000,09-202-4636,0
531,83,9,3460636173,9937477719,89.76,1628983063000,1657816291000,96-617-7540,1
532,72,34,710375565,7858588249,74.47,1644606832000,1658501285000,48-928-9643,2
533,15,187,7690904211,3624546546,96.11,1647985325000,1658986935000,62-886-9586,2
534,21,247,3149887844,8391121739,66.01,1643306498000,1657047758000,98-652-5591,0
535,56,132,6895261133,9041924310,2.93,1645168687000,1656738850000,72-699-8582,2
536,8,278,4510142625,6879999581,48.49,1639827066000,1656682298000,58-088-9477,1
537,66,252,2232224287,7241503023,76.6,1645891261000,1658974063000,22-425-7178,2
538,60,233,5704649831,2576166032,28.78,1655211692000,1657781715000,57-612-8624,1
539,75,218,6146129623,5874049312,92.11,1631517689000,1658806813000,81-217-7269,1
540,1,236,813170958,4107799751,36.01,1643361180000,1658280111000,52-951-5937,2
541,48,22,6734481476,1443846171,11.02,1647366615000,1659116604000,67-424-4356,0
542,41,200,9813906898,5815188298,83.06,1647970793000,1657023103000,45-029-3649,0
543,48,147,3659038423,2036140297,2.74,1645889993000,1657270889000,37-189-8427,0
544,47,117,5605948539,9129305632,92.22,1636972359000,1659113991000,61-621-2477,1
545,64,242,7638239628,6658128472,99.59,1641184723000,1657637629000,64-592-7699,2
546,42,149,3496008121,2308824921,34.25,1632491724000,1658837413000,80-037-7143,0
547,8,248,4212386577,160174155,97.31,1648326987000,1656645761000,81-539-4525,2
548,73,294,9020465317,2455862070,61.28,1629821764000,1657016343000,90-501-4694,2
549,77,86,672788438,2515059155,13.92,1654127898000,1658132900000,69-250-3553,0
550,66,225,1942857462,8414213057,89.02,1642950586000,1656969140000,63-829-4287,0
551,20,213,2539684831,502501111,25.75,1640456432000,1658030514000,66-224-5982,2
552,32,180,3873171694,610843028,74.37,1635162415000,1657619716000,40-617-4979,2
553,22,261,8183128637,8050066398,6.51,1639700096000,1657580070000,08-179-1478,0
554,65,16,9465171441,8417632425,50.02,1636013802000,1656860964000,96-654-5592,0
555,11,242,2537657160,9485236581,59.55,1624919691000,1657108728000,10-008-7310,0
556,10,74,845780859,1574308211,29.56,1650453536000,1657213147000,31-911-5389,1
557,69,98,1486262325,3577609826,43.82,1624071497000,1658246782000,94-042-6643,2
558,75,287,8602487878,4489257732,26.42,1641150299000,1657087620000,85-554-4520,1
559,41,173,9247549353,122274172,27.45,1633402485000,1659035047000,98-003-6945,2
560,74,6,3075402672,5765405282,76.31,1623781341000,1657191360000,15-706-6680,0
561,30,78,5099825273,3947124333,68.64,1641839198000,1656414998000,03-497-2538,2
562,49,145,4392622649,9482016130,88.8,1647295828000,1658698428000,47-551-5351,1
563,40,210,1179621220,123007879,97.81,1651616490000,1656872834000,00-749-8798,1
564,18,189,2181995699,5740941334,63.33,1624033054000,1658330598000,06-956-8355,1
565,71,73,3010695586,7376759565,94.77,1650880280000,1656789772000,60-679-1713,0
566,10,117,976552892,9003303495,66.49,1623349309000,1657055355000,41-088-1698,0
567,40,283,5791198302,6440912917,16.39,1626541436000,1658538438000,53-042-1105,2
568,59,129,5520970033,2045440885,20.91,1643574897000,1659119998000,35-278-7736,1
569,8,261,9879299027,678416184,84.65,1629754980000,1656665412000,77-792-9113,2
570,52,175,8142804573,7986241225,14.57,1625849138000,1656965862000,23-732-7319,2
571,62,74,7271904441,3801700194,9.92,1653178590000,1657987025000,32-173-8759,0
572,71,241,6787260261,3306929344,90.39,1643252615000,1657754280000,37-506-9408,1
573,55,220,3247198881,4370427150,14.8,1649591621000,1658547796000,98-200-8625,2
574,84,255,3999124938,2614067865,70.74,1644297275000,1657907661000,79-067-1255,0
575,99,247,3201695432,334417279,19.58,1642634864000,1658565713000,85-443-8656,2
576,42,145,8409909030,15866742,69.67,1638278420000,1657257441000,22-533-7496,2
577,47,195,2382518871,3319150790,18.44,1655507191000,1656739397000,17-326-1388,0
578,59,217,7307135256,4329823527,66.69,1636079299000,1656858163000,62-934-8679,2
579,74,66,7592795094,9292371894,28.53,1655372913000,1658562073000,97-251-7471,1
580,13,105,5512799738,1739861272,46.21,1648568138000,1657132027000,45-142-7366,1
581,22,241,7719518101,6489887940,96.83,1648341271000,1658811158000,79-737-1256,1
582,86,109,9440646195,5730956789,31.38,1642960550000,1656802477000,47-543-7295,0
583,88,225,5401551452,6023415423,47.13,1646542976000,1656740401000,85-075-2180,0
584,68,39,1043133526,7276577112,67.69,1632109261000,1658838500000,42-612-8501,0
585,23,120,6775636873,9337821419,85.04,1648131747000,1656510655000,98-849-0738,0
586,12,67,5763954521,7935052875,35.9,1647880586000,1658200528000,10-153-0345,0
587,64,216,6976342281,1544946333,74.91,1627146699000,1657462291000,53-202-2276,2
588,94,14,6017636685,2977500634,65.95,1638331472000,1658527669000,12-992-9843,0
589,68,83,5898538526,8324704167,71.04,1628771534000,1658653260000,03-445-3100,1
590,48,52,1093375647,5545985387,11.64,1647336398000,1658100436000,55-327-9982,2
591,36,194,7659791958,4359932251,71.49,1641444227000,1657438322000,88-616-4790,2
592,90,102,2478697106,2488713422,35.83,1632122700000,1656508688000,80-242-0797,0
593,6,170,4101297975,4040805836,68.01,1639172547000,1658614221000,63-066-1644,1
594,35,97,445774886,6439414267,31.71,1639332835000,1656601597000,25-590-4885,2
595,60,226,287753735,5993227877,98.5,1625812007000,1659165919000,83-970-3441,2
596,61,115,4627097360,3560821754,46.95,1654583445000,1656954204000,01-352-3287,0
597,94,280,3161644700,8073951274,84.41,1628631531000,1658238382000,39-327-2524,2
598,57,147,9845113435,2005252689,89.69,1640017820000,1657349320000,35-961-0268,2
599,40,36,4113786801,3559758904,81.58,1624752223000,1656613059000,32-115-6608,1
600,29,119,6597158059,1632238365,75.37,1644617835000,1657529503000,80-558-4973,0
601,21,241,4876113505,5501436337,36.36,1631319074000,1658307387000,55-842-1312,0
602,47,73,6014897356,6488343955,57.08,1638100726000,1657761375000,95-178-7366,1
603,52,262,2161705741,5230980230,19.57,1627095504000,1657057914000,34-650-9259,2
604,96,129,9762795369,958806691,45.72,1635467714000,1658344771000,15-543-6737,1
605,65,42,8417644725,2710318148,12.45,1649994463000,1658028205000,59-612-6239,1
606,83,177,4720085490,1282359932,5.85,1641462912000,1658899282000,35-708-6052,0
607,61,180,4104018724,4760352104,87.03,1641747991000,1656808786000,73-708-9420,1
608,65,217,9603338826,336536232,37.98,1635890447000,1657312670000,17-445-5897,2
609,75,193,4812688787,1287146805,17.2,1636709735000,1657517161000,41-486-6927,0
610,55,19,2475428791,9797045110,85.77,1628513331000,1659018264000,61-345-7136,0
611,23,274,3098361123,9513010139,34.5,1623685675000,1658400140000,49-369-8948,2
612,99,239,8161191824,5136553529,11.16,1641096171000,1658681960000,82-964-9101,1
613,21,182,5558217367,7334271386,20.25,1639153564000,1657459285000,89-680-7786,1
614,30,234,6688286971,8154774267,39.61,1634849213000,1658292663000,48-359-9946,1
615,48,249,3771276101,260478113,26.67,1630595798000,1658558822000,68-352-0635,1
616,92,163,2842886941,6562955068,52.7,1647370541000,1657664802000,29-749-7504,0
617,50,285,3010729928,5387993821,18.36,1631168013000,1656399167000,91-133-7823,1
618,66,146,9343936168,9337038994,76.19,1633735152000,1657042455000,01-959-7983,0
619,74,97,2047945488,7705320606,54.79,1650278270000,1658107084000,60-919-9226,0
620,45,285,3764091908,113692099,25.29,1622714678000,1656846201000,22-408-2271,0
621,76,232,2605083322,5128527875,55.86,1654409425000,1659065879000,42-703-8699,0
622,86,175,8724973041,6903410481,46.83,1628785572000,1658410041000,42-770-5916,1
623,25,161,8262153790,8926906485,8.6,1639470286000,1658072037000,94-431-5755,2
624,87,214,8037405877,6737580009,55.09,1638484645000,1656744099000,28-330-3347,1
625,52,172,3584172225,8938131890,39.55,1643432916000,1658180272000,30-462-7205,1
626,90,294,9699127457,4249015718,93.02,1627394523000,1657451287000,06-531-6678,1
627,73,196,3173946960,9268639882,20.62,1636183016000,1656422885000,86-591-8940,0
628,56,172,5621952995,8681480472,32.39,1632582313000,1658157424000,36-400-3872,1
629,69,1,6272011164,9381453128,13.43,1642927010000,1657061451000,97-426-8362,0
630,35,73,5829481103,2790413347,49.68,1647566266000,1657211416000,51-197-0466,1
631,60,117,6488203037,4014723399,51.02,1645469383000,1656686307000,79-734-2302,2
632,35,129,5226528345,171452348,30.54,1632047923000,1658347358000,45-086-1594,0
633,58,266,9912158172,2975583273,23.84,1636568313000,1657411358000,84-127-9584,2
634,5,172,2879487382,6694572980,7.63,1651907784000,1657828289000,34-043-7433,0
635,58,147,6674245968,8715370054,2.66,1625591855000,1657934089000,70-400-1283,0
636,34,220,6435554528,6191704712,12.23,1626414849000,1658990040000,28-135-7628,2
637,10,205,5461223494,1051559820,92.6,1654291513000,1657294705000,89-227-4866,0
638,61,246,2914847238,5861521182,78.86,1649674041000,1657483426000,17-132-1876,2
639,100,266,101040644,4447993325,61.02,1631137393000,1658154517000,80-249-5338,2
640,64,127,8495057506,400838621,48.27,1633759850000,1658113492000,45-383-6257,0
641,89,229,1714362299,3521134938,5.71,1634737429000,1658408322000,24-510-7978,0
642,91,92,7963485659,5167049199,40.23,1622539618000,1656384813000,09-595-8996,1
643,38,70,3668258295,4026732517,41.53,1624173492000,1658624152000,96-547-8259,0
644,59,95,7463909247,8614222084,16.43,1651941308000,1656492626000,44-722-2879,1
645,87,49,9042608366,310008964,4.53,1651434587000,1656780029000,73-884-3661,1
646,39,224,6736573823,5505811027,64.96,1653578624000,1658722938000,31-188-3713,0
647,75,246,2168083681,8996192996,36.11,1623896461000,1658926154000,56-792-1304,0
648,96,127,5045246453,7178006595,58.71,1633307833000,1658837051000,71-048-8782,2
649,6,34,6954667315,3942400782,69.99,1640360195000,1658943479000,41-270-8315,0
650,80,174,4713591017,8914795179,88.65,1631311856000,1656427076000,51-173-0145,0
651,39,213,6871587713,8321489915,30.11,1625282627000,1658025816000,72-078-2829,1
652,60,81,1927263794,1342631684,94.93,1653164172000,1657834660000,72-655-0171,0
653,87,187,5628042803,4703144573,77.91,1643756289000,1657544839000,66-342-0989,0
654,14,246,6784303482,1848419953,45.27,1645905876000,1656501668000,54-405-0867,1
655,49,131,8420269425,9988337140,43.52,1628292518000,1658007264000,82-275-7175,0
656,82,114,8115684082,1109864418,12.42,1624421261000,1659067649000,67-988-1546,1
657,70,13,1664247351,518407314,79.85,1644101170000,1658193623000,91-028-4391,1
658,27,284,2296203914,5176178591,84.92,1647567188000,1656900366000,09-686-8016,0
659,66,11,3519578506,5134016194,82.03,1636824393000,1656552177000,99-472-8899,0
660,92,147,2420947495,530864266,40.79,1629082983000,1658683844000,21-687-3708,2
661,18,229,6272690819,1597573256,61.65,1639157579000,1656393131000,24-409-2338,2
662,83,79,4785128895,7503540729,28.19,1638060645000,1656541090000,35-592-1754,0
663,93,205,5005888551,8943432135,86.16,1640315783000,1657586043000,36-691-2125,0
664,70,209,5643989956,2037457065,93.04,1645268901000,1656897410000,23-139-6158,2
665,42,286,9813847077,999365878,11.88,1638707915000,1656534760000,10-359-3536,0
666,54,239,6229207427,3178890289,78.88,1629738338000,1657506301000,75-635-3118,1
667,7,136,9121258449,5943030778,13.41,1632847424000,1656493637000,66-359-6009,0
668,36,253,1976023459,926851519,15.06,1638674646000,1657038747000,62-891-0866,2
669,50,266,9929014675,1532996322,24.69,1646276984000,1657359426000,57-039-4768,2
670,67,224,9538625773,1496328280,12.43,1623923878000,1657458570000,37-862-7054,2
671,40,229,5283313573,180843842,53.97,1647891183000,1656953292000,76-840-2812,2
672,84,266,8044216227,839461593,79.98,1625448693000,1658573241000,42-781-3466,0
673,11,155,9059192052,949129097,1.73,1639688434000,1658378535000,63-251-8794,2
674,10,59,5256274074,1223816389,61.25,1633145788000,1658750089000,71-357-5172,1
675,59,205,2870512295,2931694010,81.94,1650117301000,1659190639000,21-950-6693,2
676,25,83,2611593442,52753719,98.71,1633627585000,1657898855000,69-571-6500,0
677,39,199,1795100893,7089937194,91.99,1647622528000,1659045430000,47-503-8416,0
678,88,228,4951063085,270355685,76.15,1647355082000,1657402940000,77-166-3682,2
679,13,43,7723823789,9938501435,40.94,1647337002000,1658934830000,73-966-2835,2
680,23,212,8179135357,934963320,26.93,1639382930000,1656584534000,45-843-5711,2
681,39,259,340223820,1056721316,25.27,1641937216000,1658983215000,31-019-5771,2
682,65,105,3745076443,4111526365,88.27,1632827609000,1656986324000,20-294-6803,2
683,84,1,4879556203,1086812719,10.55,1625172259000,1656925662000,18-273-5001,2
684,99,144,8566518748,553704842,18.48,1646155789000,1658043939000,76-444-9278,1
685,11,296,1675463840,1866762176,68.83,1639560888000,1657993279000,74-952-6832,0
686,79,239,7405583350,8806605690,82.72,1646054867000,1656891515000,48-642-3545,2
687,35,93,5252098271,2912171547,96.74,1644369419000,1657242893000,05-285-6181,1
688,98,5,8559595708,2599519195,78.28,1624098964000,1657376862000,63-169-0137,1
689,71,21,9995376644,3722058414,8.63,1633767907000,1658117461000,39-954-8234,2
690,30,268,9479307782,7776241911,48.48,1640179021000,1658421983000,26-112-8951,2
691,81,191,1831468166,7964442317,88.92,1622652247000,1656467814000,32-254-7279,0
692,84,298,1800156073,8078400284,51.6,1637808376000,1656478212000,91-442-7957,1
693,24,243,7671630047,390891819,73.59,1629477063000,1658178850000,56-611-3170,0
694,97,161,7337763123,463676858,27.25,1653839850000,1656609186000,79-300-8184,2
695,60,173,5361064726,2165942586,58.19,1640671904000,1657867786000,48-630-7062,2
696,23,262,2963183739,1976264677,21.33,1651261704000,1658210208000,89-981-8902,2
697,6,85,5310321853,477065937,22.81,1641749620000,1657871577000,47-735-2135,1
698,16,59,3309377431,4606822910,69.25,1643761576000,1658470048000,19-727-7578,0
699,19,181,4118099942,4715448505,32.31,1647416771000,1656942130000,36-148-7436,0
700,65,178,1630888028,8663802579,28.34,1626308827000,1657730883000,58-938-0753,2
701,31,168,9179011861,3978831562,53.18,1653339289000,1658840057000,59-772-5835,0
702,55,180,5284867262,9444821420,87.38,1654878498000,1657967451000,21-999-5831,1
703,94,213,5163324101,817493662,15.73,1645959237000,1657266306000,25-139-7151,0
704,100,16,5745232609,9903085125,95.53,1640255640000,1658246007000,85-073-3307,1
705,73,147,2608186939,8140704563,72.16,1632689449000,1658076262000,07-996-7095,1
706,57,263,9654432560,7044574866,27.11,1636724335000,1658456710000,10-915-2658,1
707,82,7,7054818822,2684694079,57.4,1624492148000,1657262106000,21-184-5333,1
708,35,64,8439415931,8234675818,78.42,1629247655000,1657659573000,03-835-5645,2
709,5,203,2519531584,3645102760,75.18,1642246141000,1658388355000,28-809-6232,0
710,47,27,8880366076,8348617086,56.74,1623602529000,1657108458000,56-123-3185,2
711,43,141,2450585419,8798733087,68.11,1646848817000,1657962755000,88-255-0179,0
712,98,98,3506817957,169354733,43.78,1636268349000,1657260859000,46-279-4980,2
713,88,41,9094087057,3063280593,1.29,1648384754000,1657006209000,43-701-7403,2
714,79,214,9655402746,597088519,22.73,1625948539000,1657385970000,64-587-7924,1
715,91,132,6022114497,3482912106,70.08,1646912054000,1659000735000,10-771-7608,1
716,73,78,491801408,994160143,84.81,1622614074000,1658988454000,51-110-3259,0
717,43,166,820476803,1958915971,43.71,1654911159000,1658024471000,72-504-5140,1
718,74,283,4660232204,6538806902,93.68,1650976169000,1658831527000,88-447-2072,0
719,45,276,9220554909,8804527285,22.47,1650127023000,1657105292000,97-124-5379,2
720,89,178,7089914909,5713138011,36.15,1629390337000,1656508207000,77-425-6560,1
721,97,199,6406269292,4818447765,12.92,1654285350000,1658911922000,77-613-7326,0
722,85,48,399703659,9941083835,36.14,1651503570000,1658782575000,29-674-7270,0
723,10,26,5140374153,8560780602,98.45,1625633505000,1658127523000,00-947-8368,1
724,54,42,364819081,5870672449,17.74,1635991285000,1658831584000,66-338-5903,1
725,71,297,9114798603,4622294176,21.34,1642061828000,1656589866000,72-258-0874,1
726,68,29,8721010110,49360906,59.16,1649503078000,1656991120000,94-317-5749,1
727,91,66,4470693502,5753771793,21.02,1634086804000,1657332493000,58-831-7816,1
728,17,283,3787729496,6082163877,20.6,1633277163000,1658619040000,14-722-0074,0
729,60,125,1385798750,9418622572,41.94,1653933858000,1656763929000,38-356-4977,0
730,53,264,1040173942,3411262699,12.6,1624092647000,1658349948000,63-408-4250,0
731,72,131,992896045,7676848024,15.5,1644226811000,1657793167000,21-754-0431,2
732,4,48,1143206215,4330650630,87.07,1633984516000,1657551520000,80-474-2233,1
733,7,257,3559944295,3411114037,52.95,1623360536000,1658353208000,64-161-5037,0
734,36,9,6182766840,2446070493,95.12,1642510243000,1657949113000,52-128-7945,0
735,92,273,7248399531,3781642275,92.02,1648083004000,1658520146000,43-480-2583,2
736,56,60,7074279943,7967057066,67.44,1629497667000,1656950773000,53-815-9808,0
737,74,241,6137630188,336387814,75.14,1627344806000,1658101474000,14-890-9877,2
738,100,166,4028554241,8441793646,13.8,1645324610000,1658684885000,48-294-1976,2
739,79,80,9715901484,4703269317,31.65,1638421741000,1657376988000,85-960-1279,1
740,76,214,4871872459,6482029760,42.49,1633480568000,1656961469000,51-043-1909,1
741,65,167,3699197387,5596004146,16.09,1644611509000,1658795226000,91-993-7551,0
742,40,203,6840322785,754693627,98.79,1636662264000,1658197083000,93-028-1941,0
743,57,128,7051414003,8768021259,96.93,1647991096000,1659225484000,83-174-4917,1
744,88,252,4128815462,1673560091,95.87,1642563606000,1659224790000,43-390-2956,0
745,5,264,7021010346,8935589330,29.02,1628235323000,1658930550000,66-127-2226,2
746,72,160,3576724168,6920186330,37.47,1637321896000,1658336616000,04-795-0951,1
747,68,10,3529528331,4502435627,32.29,1635136549000,1658099851000,18-634-8073,1
748,22,28,8787460491,9981107697,6.48,1637513659000,1656466335000,85-002-7172,1
749,31,134,5506916256,787503916,59.68,1629782057000,1658960575000,19-216-5609,0
750,33,42,2750883741,7643385718,79.09,1647152743000,1657756556000,44-736-2193,2
751,82,193,8147182988,5964326447,28.14,1653148177000,1656792831000,99-390-9330,2
752,36,146,385534329,3950894497,82.47,1643565257000,1657397711000,16-881-6450,1
753,97,182,1810976707,9583202258,95.07,1631654467000,1658615799000,69-651-1382,2
754,81,219,3261769580,278423191,19.53,1624020852000,1658694963000,71-582-7399,1
755,94,191,8543748224,6614143964,58.76,1635339192000,1656435712000,36-473-1870,0
756,55,166,2248457898,3658887109,35.18,1637010134000,1656891981000,46-158-0938,1
757,83,177,7365191767,8886750129,58.24,1624543180000,1659097504000,90-189-7828,2
758,80,251,6575375596,911399194,78.59,1648197788000,1657273527000,63-006-5189,2
759,85,191,9201530595,9180090400,99.85,1648953601000,1657233327000,22-712-6155,2
760,96,139,1978370210,3421151105,98.93,1647724380000,1656634092000,82-569-2155,0
761,94,78,7735000731,5944454571,71.23,1645486025000,1657406456000,59-218-8134,2
762,72,45,1735522872,5908262269,36.23,1630480117000,1656675179000,79-534-7808,1
763,39,64,6930943487,2035456568,61.64,1655318683000,1656552797000,20-537-5841,2
764,30,94,4195872219,338425918,3.75,1647261596000,1656795310000,91-820-8239,2
765,39,213,1397842644,5372138459,99.87,1637784339000,1658403391000,24-979-6110,0
766,11,278,8363491462,2770952765,31.31,1637897562000,1656960043000,25-569-8238,2
767,47,76,713508272,2695677057,48.02,1642020688000,1657333889000,53-150-9596,2
768,92,206,1648893848,2963427670,14.57,1648140936000,1658106034000,54-431-8929,1
769,32,249,1693361078,340084081,67.05,1655395069000,1656851723000,58-610-0208,0
770,52,46,7394829138,5560995207,42.16,1639777231000,1658040216000,23-464-2762,1
771,80,51,8754990114,779407601,76.13,1638162134000,1658507559000,03-870-3299,2
772,70,242,8979999089,6659422692,49.44,1646827724000,1657973489000,66-321-6342,0
773,61,80,494339756,8011455435,1.76,1633021941000,1657150136000,04-266-7076,2
774,48,24,9907769924,4398463089,6.19,1636634292000,1657926398000,66-196-8109,1
775,9,3,8091744811,2581442689,50.46,1654627094000,1657185352000,98-999-2142,0
776,58,290,5849236120,8228225334,46.55,1629608159000,1658082054000,42-373-2889,2
777,77,13,3210314195,3351382200,14.55,1646754328000,1659182422000,49-312-9585,0
778,38,284,4007495114,2720174513,38.1,1648564199000,1657926470000,54-712-3566,2
779,28,45,7524959907,7108105829,72.84,1642639205000,1656592313000,27-408-1045,2
780,35,65,3728653543,9439013877,58.41,1642745270000,1657571194000,62-989-9349,2
781,77,157,66822912,8128249398,25.33,1626705156000,1657470830000,44-390-0980,2
782,80,36,3687945898,9756742089,82.29,1631029328000,1658969721000,49-062-0255,0
783,71,242,9744215291,802637531,83.23,1639558525000,1657848438000,84-453-7502,0
784,3,20,3950527915,9401040230,39.62,1629607508000,1658193411000,27-821-1706,1
785,43,107,878260382,4869278219,88.4,1639026791000,1657952565000,42-797-5378,1
786,53,127,6241608746,2011532566,10.0,1644338475000,1657191026000,93-285-2647,2
787,6,20,8508052154,3618514255,68.93,1636529123000,1658791485000,01-586-0857,2
788,57,266,6599504566,3571304187,13.89,1653842895000,1659039085000,59-234-0188,2
789,75,121,51003759,7286059319,96.16,1623857249000,1658766548000,64-123-1803,1
790,64,281,6838457490,4182193512,6.56,1628285926000,1657012679000,61-287-8263,1
791,21,70,8815510478,1507673647,24.02,1654439402000,1657281068000,51-260-8466,2
792,65,84,188366199,7293137303,89.59,1652801325000,1657729380000,70-384-9284,1
793,81,57,1513401742,9904598908,63.48,1645853038000,1658832926000,90-822-1236,1
794,11,61,212431366,1457244160,2.33,1631316928000,1656691149000,74-206-9020,0
795,61,154,3006527836,1845510003,99.04,1652982153000,1657083592000,79-658-5240,1
796,67,32,6606112311,6686555703,26.18,1635170957000,1657039193000,39-903-6837,0
797,53,5,7919668964,8473377710,86.78,1653145227000,1658419584000,86-641-2270,2
798,90,211,2039428321,208966676,75.88,1627917158000,1657748574000,99-626-5332,2
799,69,140,814330851,2598583469,20.56,1643061392000,1657222411000,62-147-7481,0
800,78,246,3020816084,487842871,53.97,1630028986000,1658400723000,28-026-5663,0
801,87,58,340388196,8123172052,76.69,1647355186000,1656595477000,42-006-4083,2
802,32,167,5874078665,4085783149,98.95,1653987115000,1656578191000,48-320-6403,0
803,19,177,2464043117,5367686559,11.15,1645953471000,1657449573000,50-181-2237,0
804,71,164,5175144154,7772707657,16.31,1634905667000,1656509309000,34-493-4257,2
805,50,24,7911366918,2247449301,19.62,1635480995000,1659115683000,83-509-5140,0
806,59,117,173807038,354927094,70.03,1629732062000,1656975373000,25-789-3824,0
807,27,215,6890777921,2368975640,92.41,1644799302000,1657890320000,99-889-7571,0
808,73,285,9727680909,6444005647,21.63,1645896913000,1656613807000,75-364-1652,0
809,56,239,8896393558,6715847738,41.41,1623130583000,1657684039000,01-093-1655,2
810,25,126,371621577,5689229180,68.64,1624812647000,1656814842000,47-508-2828,0
811,87,132,185277594,905617622,60.85,1637086538000,1658282878000,88-897-6361,0
812,20,164,9319718784,5914722713,91.76,1643956651000,1658239925000,03-544-5951,2
813,19,212,985702877,4827846847,53.29,1651668547000,1658856969000,87-724-3123,1
814,3,285,2654994333,7762231374,95.88,1641310988000,1658610648000,11-801-2161,2
815,34,146,2430202824,8181742850,75.74,1648195898000,1659036934000,93-506-6548,0
816,26,270,8177683063,8044127607,26.92,1648517837000,1656647144000,05-105-8243,0
817,81,280,1581435975,9028975209,76.62,1638136079000,1657792218000,34-361-6455,0
818,58,294,4362607005,1057417688,13.3,1646785060000,1659153758000,72-675-5963,1
819,73,199,4011849952,1970495804,96.03,1639301744000,1656648339000,83-230-9070,2
820,23,222,8228279078,8627714657,85.84,1624550123000,1657768153000,95-563-8085,2
821,3,217,7440522028,9757893323,47.82,1623027920000,1656615532000,52-264-7963,1
822,75,214,6024524250,460672681,8.08,1632355849000,1657854202000,34-411-3107,2
823,51,130,964969181,4696087549,84.99,1646883585000,1658709669000,04-355-6911,1
824,85,111,7280887864,1677684410,19.19,1652087428000,1657961895000,39-589-5768,1
825,72,31,872767485,9807980275,16.89,1654296564000,1658416957000,54-088-4058,2
826,46,288,7590462594,7379464817,70.83,1631012843000,1656519475000,79-446-9795,0
827,5,1,5458003012,2707366072,33.16,1635708308000,1658400971000,13-713-4301,2
828,90,9,8890340002,6210039766,88.52,1646368537000,1658771624000,35-953-3386,0
829,15,251,6964534741,6896356812,77.51,1631610139000,1657667798000,24-873-3528,0
830,19,287,2569842591,9999743943,75.58,1627900634000,1657460704000,39-768-8980,1
831,47,118,8003359767,485608006,52.34,1651356106000,1657710171000,44-990-2309,2
832,51,235,4215853559,7541085006,71.98,1633318416000,1656694010000,57-098-8072,2
833,76,196,3073620877,5889238418,82.38,1646354069000,1658365661000,34-495-5019,0
834,99,233,6651086901,9877296543,26.95,1628270295000,1658893676000,80-511-5809,0
835,77,105,5494700844,8231530495,43.93,1644042255000,1656943985000,20-839-9494,1
836,19,37,8238037395,1004238738,7.9,1637602092000,1657519186000,53-657-2501,2
837,88,108,346850185,9460930344,94.93,1622828358000,1658778824000,97-072-1114,1
838,28,143,5325798529,5472176255,13.83,1643286251000,1657269954000,74-408-3745,1
839,86,18,25145088,3716942197,41.72,1627675046000,1657473579000,48-895-6266,0
840,47,237,9520940383,7519155226,8.13,1640106350000,1657548562000,48-249-8678,1
841,62,206,7317052159,4905734541,14.18,1655434890000,1658705396000,98-934-5395,2
842,7,107,5049468310,4809590437,67.22,1652404404000,1658419483000,86-689-7360,1
843,17,217,5008507842,5443149253,63.99,1644577418000,1656616882000,10-586-7833,2
844,33,45,9719075686,233064834,51.13,1634530224000,1656555377000,77-343-0638,2
845,8,39,2605642526,8396683182,68.25,1642706038000,1657833205000,90-186-4623,1
846,90,66,9243939610,4512023879,8.91,1654430651000,1657369352000,40-099-6487,1
847,81,248,8974822229,5739205972,70.98,1644253060000,1656586753000,75-767-1723,1
848,36,247,6335074117,2287910190,68.25,1643644039000,1657268988000,04-044-6990,1
849,36,98,3991614952,6572828719,85.91,1646529883000,1658992292000,08-824-1726,0
850,41,94,7407439737,6647498508,46.25,1623001052000,1657519580000,85-978-9838,1
851,9,2,7460392154,4009811676,30.3,1654903835000,1658735596000,05-098-0637,2
852,30,15,405041276,9146067728,74.58,1650855998000,1656617484000,34-458-1151,1
853,99,33,9788372732,1187734799,30.78,1644402627000,1656685006000,65-831-2636,1
854,36,153,2183072539,4503353497,18.13,1627291304000,1657377760000,38-281-0338,0
855,18,238,3766916084,2681018455,47.13,1633341096000,1656737379000,71-258-9064,2
856,85,1,4584832056,1550906291,57.56,1640006090000,1659046506000,98-353-0173,1
857,56,156,7302390088,7368699052,74.73,1629969569000,1657132303000,63-071-2872,0
858,30,150,5412858341,7912574786,11.07,1624280627000,1659219396000,01-679-4275,1
859,30,190,8552047152,3457068658,17.9,1652322301000,1659140430000,45-255-5276,2
860,90,6,3140764537,2102770672,11.58,1642346132000,1658488660000,55-450-7769,1
861,27,274,6353293690,3616955599,44.4,1631311445000,1657690727000,51-531-8233,1
862,36,197,9740547877,8224628353,20.16,1652242212000,1657099757000,76-972-5853,0
863,50,256,3522349377,6977390743,3.39,1646314213000,1658651364000,44-417-5792,1
864,25,20,6393452919,9615714232,69.57,1628971229000,1657466293000,52-742-9917,1
865,21,255,4734008302,8428099731,65.9,1636509841000,1657078936000,58-529-9664,0
866,34,196,3523810086,6356369019,34.1,1636267349000,1658934097000,22-640-4752,1
867,58,241,1847666671,8371289820,84.9,1631233142000,1657589218000,23-216-8239,2
868,64,111,8450418542,3780310562,66.05,1636551836000,1657657203000,32-670-1682,2
869,63,142,9841258706,4791309847,33.5,1623188465000,1658660425000,45-478-2569,1
870,39,80,3054307026,3956823125,97.1,1640808830000,1658151049000,01-036-0368,2
871,61,57,2664519301,7603253020,15.59,1653949291000,1657849226000,09-116-0953,0
872,2,213,8673683084,3694270701,46.49,1653833669000,1658587261000,23-885-3864,2
873,97,284,4900085871,4150909415,57.49,1629560174000,1657741684000,95-455-7829,1
874,82,218,8816061197,6119632530,17.51,1628728638000,1657579077000,61-796-3515,2
875,12,279,9094926792,2814498975,21.49,1628669204000,1658542373000,35-601-1905,0
876,25,280,5916965583,1857731247,93.75,1631183763000,1657911695000,92-603-1997,2
877,78,175,9626931515,8023989359,48.11,1632989294000,1658475835000,44-015-1060,1
878,77,203,5929484465,825496985,29.0,1653060596000,1658347936000,65-707-5021,0
879,69,164,2117938388,8622405214,33.71,1632713546000,1658098640000,17-186-5403,0
880,45,116,2254203355,9191673437,35.86,1625010217000,1658293978000,86-245-3141,2
881,36,101,8976220099,4672255204,92.97,1631549884000,1657099642000,76-655-0418,0
882,44,237,482425687,1155321995,1.38,1644568086000,1657741332000,42-593-1852,1
883,34,189,4304214853,5501321416,85.98,1632277073000,1656969563000,37-484-9304,1
884,19,246,2378573162,9146268723,64.21,1650433067000,1657870480000,59-790-0652,1
885,65,206,5438788669,9190354311,74.78,1635592883000,1658500802000,50-666-9802,0
886,30,170,3402629933,5916697309,27.64,1654787819000,1657875530000,29-370-0243,1
887,53,293,5391567742,3816283098,58.53,1655925148000,1656588715000,80-638-4778,1
888,14,128,6449350202,9893931673,65.97,1622910703000,1656717821000,49-638-2273,1
889,52,67,8142056127,8281721545,30.52,1640533930000,1657703109000,77-439-4028,2
890,20,5,5238213794,1930146663,95.14,1651424640000,1656473205000,11-784-6655,1
891,48,282,6627747421,6733904268,22.42,1652740324000,1658544709000,06-677-8079,0
892,29,99,5410690656,2473492549,86.36,1633296172000,1656778808000,66-664-6922,0
893,31,227,9136289019,5333898839,8.84,1625131652000,1657129191000,11-775-1497,1
894,67,287,2513891953,7950717521,17.02,1653305410000,1658582253000,19-124-7529,0
895,81,17,4421810673,3683142693,76.43,1625030072000,1656949066000,05-621-7366,1
896,41,215,2982356910,4237187756,16.74,1637448996000,1658067720000,72-940-8673,2
897,33,63,4485403548,7236766739,76.4,1635297112000,1658788211000,41-898-7086,1
898,71,118,872832635,5168365078,84.32,1636474928000,1657095460000,04-162-3853,1
899,83,144,3478243386,4621908987,91.49,1651295563000,1656933038000,93-164-5207,0
900,37,60,4092761295,3408027846,52.17,1641054783000,1658435955000,93-078-6907,2
901,72,65,5501266334,9670827930,78.31,1636387066000,1657183395000,97-271-0634,1
902,51,163,9656725662,5264369992,4.0,1645281233000,1658485829000,79-472-3883,0
903,65,132,9991230750,9183572260,80.36,1632796437000,1656994779000,98-758-6299,0
904,90,298,1062722221,2869522878,25.39,1644781388000,1658861719000,84-689-2517,1
905,66,79,208134395,4284010409,6.96,1640086934000,1657628301000,23-463-0874,2
906,85,201,9058349888,4400410072,69.54,1640796101000,1656961038000,58-243-8235,1
907,37,262,685224589,6377247044,21.42,1649721520000,1656681754000,46-510-5175,1
908,55,175,9900419995,1462566979,79.62,1652449515000,1658961810000,03-315-2904,1
909,52,3,2678922944,7077475174,65.59,1627510463000,1658761808000,52-759-8162,2
910,44,277,8147295383,3195618079,98.46,1647019949000,1656418957000,27-217-0561,0
911,64,89,8951706451,3349503993,9.7,1641240113000,1656482540000,54-905-6202,2
912,59,30,6373613925,8040004594,62.78,1629406646000,1658011233000,30-037-5837,1
913,56,140,6895430563,9366612598,17.54,1627305994000,1659097180000,54-877-3668,1
914,100,108,9904224579,6705446595,59.46,1635869841000,1658643350000,70-500-6243,1
915,19,278,4225507076,6080887932,89.33,1627437009000,1658317972000,37-380-1187,1
916,67,204,8744247117,7626028872,24.22,1625575152000,1656632334000,78-990-4273,1
917,48,289,5623350771,3871620386,71.09,1626796483000,1658661195000,88-202-7258,0
918,77,255,2078166510,6747366247,93.79,1640152761000,1659189399000,29-892-2101,0
919,78,111,1923009524,9135954205,65.1,1644622051000,1657070191000,46-724-1276,0
920,20,298,9959358879,3382250446,52.11,1633326749000,1657918057000,60-981-2304,2
921,58,27,311200214,5147116192,89.36,1640179875000,1657049410000,79-916-6496,0
922,68,176,322252458,1201010675,23.15,1631003470000,1657880464000,51-565-8350,1
923,10,113,2225331154,3451873974,56.49,1642282958000,1659136154000,33-383-9409,2
924,12,62,1971858838,238583155,59.07,1625497373000,1658154598000,07-466-1199,2
925,9,266,4791321510,9949422728,54.44,1640438978000,1657000325000,48-694-6644,1
926,8,251,3571916824,6651458515,18.54,1654341181000,1658595530000,75-524-6888,2
927,91,158,8460018377,1682457222,58.37,1629310750000,1657812865000,46-985-0847,2
928,36,227,1609267834,9401617376,24.2,1648902021000,1657786661000,66-808-4823,2
929,39,247,5260383613,8733903077,37.51,1627610099000,1658223393000,96-057-2381,0
930,47,91,5077895147,8610656071,28.84,1648934776000,1658703894000,09-293-2682,1
931,44,245,3076795597,1360342311,57.08,1622766250000,1657798302000,24-785-9714,0
932,70,72,3594838315,5748618893,69.65,1626213817000,1656844870000,53-618-7842,2
933,81,137,1876154357,5714688317,44.64,1635315364000,1656517513000,31-126-0916,2
934,15,64,6599992447,6438562998,39.71,1623886875000,1659051240000,49-741-6046,1
935,13,274,3853296912,7387115699,37.46,1645771695000,1657537846000,53-281-0239,1
936,17,137,7556540634,566283174,87.16,1650145210000,1657812033000,33-729-4594,0
937,21,200,8716352459,6861847003,31.16,1646561068000,1656754185000,79-012-1480,1
938,85,157,1420761137,2237762309,94.29,1644086663000,1658511044000,42-426-3153,1
939,22,267,7019174876,6890381068,49.39,1631498620000,1658984206000,06-747-5571,0
940,91,226,398630984,407973303,21.07,1637987728000,1658343236000,05-594-9724,2
941,4,278,6609143919,8111543530,95.97,1633806959000,1658304211000,39-360-2647,0
942,93,290,5980006141,4442478325,32.13,1639495040000,1658639353000,62-289-1241,0
943,65,80,4856369520,4487076943,51.38,1645627186000,1657568354000,17-611-7117,1
944,37,134,8351310549,22485295,9.06,1623893962000,1657880509000,76-636-8138,2
945,34,251,9026425988,1373894199,42.07,1644356263000,1658864839000,10-199-8139,1
946,84,74,788465910,4854025611,39.77,1627915181000,1658018724000,03-519-5989,2
947,33,51,7578155776,3789783323,4.16,1646865460000,1658342552000,15-388-0591,2
948,44,22,8271227688,5479654616,54.33,1655283842000,1657567801000,53-140-4119,2
949,50,155,697102831,6986171714,63.98,1628520786000,1656467330000,92-813-3246,0
950,21,179,763265632,3692515650,74.2,1636413559000,1657537840000,82-685-2906,0
951,36,238,799054208,1400372755,79.2,1640139829000,1657288712000,27-322-6754,2
952,57,296,34878513,404001939,10.78,1652806074000,1657958562000,65-518-5503,1
953,61,151,9619293088,1794459391,24.39,1637308723000,1657437744000,17-256-4456,0
954,29,28,6726360827,4341675435,59.63,1651106038000,1659222346000,35-425-5837,2
955,53,108,2169994696,7066872843,77.62,1636692227000,1657738935000,11-031-9384,0
956,46,26,202055248,6337201051,78.88,1622930209000,1659096973000,55-208-7747,1
957,49,149,7018118239,2274792615,55.61,1639407534000,1657852877000,75-352-6700,1
958,58,71,4173893264,7512134444,21.03,1652589936000,1658807844000,24-606-3828,0
959,26,276,5105483219,2130466249,92.04,1626812874000,1657176839000,72-160-7033,2
960,21,113,5318193455,5598555581,71.09,1622953693000,1657774364000,40-102-4928,0
961,43,30,1862986258,6754801093,66.97,1644207002000,1658009221000,48-097-7908,0
962,15,7,8073835355,121181243,66.55,1644085825000,1657312267000,54-393-3169,1
963,95,196,7664259495,5170200854,85.76,1629608124000,1658868032000,49-458-3008,2
964,71,241,995381259,5112160373,72.71,1638387977000,1657519131000,37-963-1716,0
965,66,80,6970824225,7076460572,6.32,1644425488000,1656841003000,49-316-9136,1
966,29,229,8993927146,3274857432,99.65,1650776796000,1656726905000,17-073-5829,0
967,39,187,6233505615,3857989807,44.95,1643694217000,1658887756000,13-743-9671,1
968,11,202,6831035345,2444603893,15.05,1653341366000,1656834549000,97-661-3126,0
969,1,122,6992622544,6328399774,33.5,1636022053000,1657730062000,74-174-0584,2
970,50,70,8528168298,3764500433,85.75,1655867571000,1657408556000,86-183-6440,0
971,2,237,3656500622,5377108469,5.4,1641311885000,1658972716000,60-433-3122,2
972,22,244,1939586690,630747377,80.49,1630695013000,1657077709000,94-007-5527,2
973,41,168,9843064879,9484632335,80.22,1626287577000,1658088853000,27-948-7852,0
974,71,44,3614783588,3183771071,74.5,1648256228000,1659065980000,14-749-5862,0
975,8,223,6407260248,8804004487,70.93,1646798978000,1658182061000,93-174-8500,2
976,74,265,6042255479,3949751858,66.4,1641711712000,1658239372000,81-853-1178,1
977,18,93,9635930011,3971861024,46.98,1654348962000,1656910284000,42-408-0059,1
978,68,68,5207554379,3870281227,93.89,1648859520000,1658593803000,04-548-1579,2
979,6,261,3096894248,5579015690,93.65,1626190297000,1658620653000,80-359-8746,0
980,68,85,6222652778,899519288,24.46,1655006830000,1659062964000,60-310-6412,1
981,73,137,3876635772,6786741398,31.11,1633487935000,1658306073000,38-653-0982,0
982,70,201,1378823931,3139733844,41.43,1629646730000,1657133370000,84-967-0431,1
983,16,65,646391747,8618626775,58.43,1638642172000,1657490141000,16-293-0947,2
984,37,230,3028911809,25456431,69.54,1628100642000,1658236413000,35-955-9913,0
985,8,279,6687135651,7298336916,76.55,1623797957000,1657848398000,78-063-9820,2
986,49,275,8679986321,2310523976,79.94,1624360004000,1658487383000,46-375-1828,1
987,55,293,9732398388,3300352991,78.61,1631169883000,1659064222000,11-848-3921,1
988,50,251,7344027879,9146243208,22.18,1632082490000,1656758759000,15-860-4192,2
989,96,267,3540235825,5415070133,87.66,1629387360000,1657091785000,89-096-4414,2
990,95,223,739561812,2068774607,51.05,1623687315000,1656561891000,75-442-8407,0
991,27,164,5490177241,9533196017,65.41,1641540943000,1658825690000,40-045-5380,1
992,1,30,3403080137,3970965977,50.7,1641247649000,1656400289000,81-027-3198,1
993,34,56,385334036,5954900302,68.6,1632801933000,1656442420000,31-914-1109,2
994,11,181,6680303389,8755992773,97.29,1638790006000,1658443448000,01-923-5288,1
995,45,143,1475541570,313821712,96.97,1650460966000,1656470312000,45-384-9700,2
996,29,50,9219672804,7842123861,95.1,1645199937000,1658078766000,91-500-8163,1
997,83,63,6123110136,1317135105,14.77,1637571082000,1656856711000,40-120-2954,0
998,83,213,5784277715,3006857356,97.09,1622646156000,1656892549000,45-915-3205,0
999,99,297,1534809597,5206528447,95.81,1630852437000,1657770615000,12-667-9547,2
1000,75,106,3352902372,1998510417,86.7,1636405659000,1659184045000,47-654-6479,0